product_id,카테고리,평점,속성_num,트러블,수분,세정력,보습,메이크업,건성,진정,저자극,세안,화장,피부타입_건성에 좋아요,피부타입_복합성에 좋아요,피부타입_지성에 좋아요,흡수,쿨링,여드름,모공,지성,피지,거품,각질,향,냄새,건조,유분,약산성,review
A000000002323,bodycare,4.7,5,5,0,7,0,0,0,0,11,0,0,0,0,0,0,0,0,0,2,0,17,0,0,0,5,0,7,57
A000000002341,bodycare,4.6,4,3,6,0,30,0,0,7,4,0,0,0,0,0,4,0,0,0,3,0,0,0,0,0,23,5,0,90
A000000002345,bodycare,4.8,4,0,2,0,24,0,0,5,2,0,0,0,0,0,1,0,0,0,0,0,0,0,0,0,14,1,0,84
A000000002346,bodycare,4.7,4,0,1,0,38,0,0,7,0,0,0,0,0,0,2,0,0,0,0,0,0,0,0,0,14,2,0,99
A000000002652,cleansing,4.8,1,25,5,45,3,31,15,13,61,57,56,0.24,0.61,0.15,0,0,0,0,0,0,0,0,0,0,0,0,0,100
A000000002653,cleansing,4.8,1,28,6,48,5,29,17,13,62,58,63,0.22,0.64,0.14,0,0,0,0,0,0,0,0,0,0,0,0,0,100
A000000002654,cleansing,4.8,1,27,6,47,4,29,17,11,61,59,64,0.21,0.65,0.14,0,0,0,0,0,0,0,0,0,0,0,0,0,100
A000000002838,cleansing,4.5,5,16,0,21,0,0,0,0,44,0,0,0.33,0.54,0.14,0,0,12,2,6,3,2,0,0,0,9,0,2,100
A000000002839,skincare,4.8,2,16,14,0,13,0,0,25,26,0,0,0.22,0.64,0.14,6,0,8,1,11,0,0,0,0,0,0,0,0,100
A000000002844,cleansing,4.7,1,8,1,17,1,1,2,2,25,13,19,0.06,0.58,0.36,0,0,0,0,0,0,0,0,0,0,0,0,0,96
A000000002845,cleansing,4.7,1,8,2,18,0,6,2,0,34,19,25,0.12,0.55,0.33,0,0,0,0,0,0,0,0,0,0,0,0,0,100
A000000002846,cleansing,4.7,1,17,6,32,1,22,11,3,40,34,31,0.11,0.55,0.35,0,0,0,0,0,0,0,0,0,0,0,0,0,100
A000000002848,skincare,4.7,4,6,10,0,1,0,0,1,6,0,0,0.07,0.37,0.56,5,0,0,0,35,14,0,0,0,0,10,28,0,99
A000000003996,bodycare,4.5,5,3,0,21,0,0,0,0,21,0,0,0,0,0,0,0,2,0,3,1,15,0,0,0,17,0,8,96
A000000004434,skincare,4.8,2,15,42,0,20,0,0,9,23,0,0,0.39,0.51,0.1,23,3,4,0,14,0,0,0,0,0,0,0,0,100
A000000004925,skincare,4.5,4,11,14,0,7,0,0,9,11,0,0,0.08,0.44,0.48,14,0,0,0,24,10,0,0,0,0,8,12,0,96
A000000005336,skincare,4.8,4,12,57,0,19,0,0,6,11,0,0,0.4,0.49,0.11,30,0,0,0,6,2,0,0,0,0,44,7,0,98
A000000005764,cleansing,4.5,5,6,0,15,0,0,0,0,15,0,0,0.13,0.55,0.32,0,0,8,3,7,6,12,0,0,0,6,0,2,62
A000000005766,skincare,4.7,2,11,9,0,3,0,0,7,25,0,0,0.08,0.53,0.39,4,1,8,7,18,0,0,0,0,0,0,0,0,99
A000000005767,skincare,4.7,4,11,24,0,23,0,0,12,10,0,0,0.1,0.5,0.4,8,0,0,0,27,7,0,0,0,0,10,11,0,98
A000000006836,bodycare,4.7,5,8,0,20,0,0,0,0,13,0,0,0,0,0,0,0,1,0,3,1,18,0,0,0,12,0,7,98
A000000006837,cleansing,4.5,5,11,0,22,0,0,0,0,27,0,0,0.14,0.58,0.28,0,0,13,1,9,4,23,0,0,0,10,0,7,99
A000000009148,suncare,4.6,4,12,2,0,1,0,0,0,17,0,0,0.43,0.54,0.03,5,0,0,0,4,0,0,0,0,0,1,10,0,100
A000000010047,bodycare,4.6,4,2,1,0,39,0,0,3,2,0,0,0,0,0,3,0,0,0,0,0,0,0,0,0,18,1,0,100
A000000010048,cleansing,4.6,5,5,0,26,0,0,0,0,24,0,0,0.54,0.41,0.05,0,0,3,0,5,1,22,0,0,0,11,0,1,97
A000000010088,skincare,4.7,4,15,16,0,29,0,0,26,11,0,0,0.67,0.3,0.03,17,0,0,0,10,5,0,0,0,0,27,17,0,97
A000000010460,bodycare,4.8,4,1,4,0,46,0,0,0,3,0,0,0,0,0,20,0,0,0,1,0,0,0,0,0,23,2,0,97
A000000010461,suncare,4.6,4,6,3,0,0,0,0,0,7,0,0,0.43,0.51,0.06,1,0,0,0,10,1,0,0,0,0,15,22,0,100
A000000010462,suncare,4.8,4,16,27,0,2,0,0,1,12,0,0,0.53,0.43,0.04,7,0,0,0,8,2,0,0,0,0,11,16,0,100
A000000010470,skincare,4.7,4,24,13,0,18,0,0,38,11,0,0,0.41,0.52,0.07,22,0,0,0,15,3,0,0,0,0,24,19,0,99
A000000010471,skincare,4.7,4,11,12,0,13,0,0,3,17,0,0,0.07,0.29,0.64,13,0,0,0,48,20,0,0,0,0,14,24,0,98
A000000010472,skincare,4.6,2,31,3,0,0,0,0,35,17,0,0,0.09,0.58,0.33,4,0,48,1,3,0,0,0,0,0,0,0,0,98
A000000010474,skincare,4.8,2,26,20,0,20,0,0,23,35,0,0,0.17,0.59,0.24,10,0,23,4,21,0,0,0,0,0,0,0,0,100
A000000010476,cleansing,4.7,5,25,0,35,0,0,0,0,39,0,0,0.19,0.6,0.21,0,0,21,0,14,7,47,0,0,0,20,0,23,100
A000000010482,cleansing,4.8,5,20,0,26,0,0,0,0,38,0,0,0.2,0.63,0.17,0,0,10,4,12,9,50,0,0,0,24,0,23,100
A000000010486,skincare,4.6,1,6,14,0,11,2,9,25,21,3,10,0.35,0.51,0.14,0,0,0,0,0,0,0,0,0,0,0,0,0,97
A000000010498,skincare,4.8,1,18,41,0,29,7,11,44,29,15,36,0.34,0.53,0.13,0,0,0,0,0,0,0,0,0,0,0,0,0,100
A000000010507,skincare,4.7,1,9,31,0,18,1,8,30,22,9,12,0.34,0.55,0.11,0,0,0,0,0,0,0,0,0,0,0,0,0,100
A000000011268,skincare,4.8,2,14,8,0,8,0,0,12,24,0,0,0.06,0.5,0.44,8,0,18,9,26,0,0,0,0,0,0,0,0,98
A000000011762,bodycare,4.6,3,1,0,0,0,0,0,0,17,0,0,0,0,0,0,0,0,0,0,0,0,0,23,24,1,0,0,98
A000000012312,bodycare,4.8,4,4,8,0,61,0,0,2,3,0,0,0,0,0,24,0,0,0,5,2,0,0,0,0,38,9,0,100
A000000012315,bodycare,4.6,4,2,1,0,40,0,0,0,1,0,0,0,0,0,3,0,0,0,1,0,0,0,0,0,20,2,0,100
A000000012473,skincare,4.6,4,1,14,0,8,0,0,1,12,0,0,0.4,0.54,0.07,19,0,0,0,2,0,0,0,0,0,3,5,0,97
A000000012621,skincare,4.7,4,3,27,0,24,0,0,2,8,0,0,0.62,0.35,0.03,10,0,0,0,5,0,0,0,0,0,26,10,0,99
A000000012755,skincare,4.7,4,9,14,0,38,0,0,1,12,0,0,0.7,0.28,0.02,12,0,0,0,5,38,0,0,0,0,23,21,0,100
A000000012809,skincare,4.8,4,13,28,0,36,0,0,12,26,0,0,0.52,0.44,0.04,21,0,0,0,17,62,0,0,0,0,37,25,0,97
A000000012863,cleansing,4.6,5,8,0,19,0,0,0,0,39,0,0,0.44,0.49,0.07,0,0,7,0,2,22,29,0,0,0,7,0,0,100
A000000012880,skincare,4.7,4,9,21,0,38,0,0,2,19,0,0,0.6,0.36,0.04,17,0,0,0,18,51,0,0,0,0,31,24,0,100
A000000012881,skincare,4.8,4,15,24,0,49,0,0,7,18,0,0,0.59,0.38,0.03,16,0,0,0,13,59,0,0,0,0,49,18,0,96
A000000013004,cleansing,4.7,5,17,0,13,0,0,0,0,28,0,0,0.14,0.6,0.26,0,0,17,0,19,7,29,0,0,0,7,0,15,100
A000000013141,bodycare,4.6,3,12,0,11,5,0,0,0,4,0,0,0,0,0,0,0,0,0,0,2,21,1,8,4,8,0,0,89
A000000013194,cleansing,4.8,1,29,2,37,4,23,17,8,59,42,52,0.23,0.64,0.13,0,0,0,0,0,0,0,0,0,0,0,0,0,98
A000000013225,bodycare,4.7,4,1,1,0,42,0,0,3,5,0,0,0,0,0,11,0,0,0,0,0,0,0,0,0,32,1,0,100
A000000013632,skincare,4.7,1,2,20,0,12,4,3,12,18,6,16,0.34,0.52,0.14,0,0,0,0,0,0,0,0,0,0,0,0,0,100
A000000013882,cleansing,4.8,1,8,15,28,2,14,24,1,42,21,29,0.51,0.43,0.06,0,0,0,0,0,0,0,0,0,0,0,0,0,100
A000000013883,cleansing,4.8,1,8,9,22,1,13,15,2,32,16,24,0.45,0.48,0.07,0,0,0,0,0,0,0,0,0,0,0,0,0,100
A000000014183,skincare,4.7,4,6,15,0,39,0,0,3,8,0,0,0.67,0.31,0.02,11,0,0,0,13,4,0,0,0,0,35,8,0,97
A000000014290,bodycare,4.7,3,3,0,9,1,0,0,0,20,0,0,0,0,0,0,0,0,0,0,0,15,0,15,15,4,0,0,99
A000000014357,skincare,4.6,1,8,17,0,11,4,7,22,19,7,11,0.34,0.55,0.12,0,0,0,0,0,0,0,0,0,0,0,0,0,100
A000000014358,skincare,4.7,1,15,28,0,17,4,7,30,20,14,23,0.33,0.54,0.13,0,0,0,0,0,0,0,0,0,0,0,0,0,99
A000000014359,cleansing,4.6,5,16,0,27,0,0,0,0,42,0,0,0.39,0.54,0.07,0,0,3,3,7,2,4,0,0,0,10,0,2,99
A000000014360,cleansing,4.7,1,5,5,25,1,8,7,2,33,16,24,0.34,0.55,0.11,0,0,0,0,0,0,0,0,0,0,0,0,0,100
A000000014686,skincare,4.6,1,11,22,0,7,11,4,5,12,10,25,0.08,0.42,0.51,0,0,0,0,0,0,0,0,0,0,0,0,0,100
A000000014948,skincare,4.7,1,9,2,1,10,0,3,14,21,1,11,0.22,0.63,0.15,0,0,0,0,0,0,0,0,0,0,0,0,0,100
A000000015026,cleansing,4.8,1,10,11,35,5,17,11,3,48,27,36,0.28,0.6,0.12,0,0,0,0,0,0,0,0,0,0,0,0,0,100
A000000015302,bodycare,4.8,4,4,2,0,23,0,0,1,1,0,0,0,0,0,7,0,0,0,0,0,0,0,0,0,12,1,0,56
A000000015389,skincare,4.7,4,8,24,0,19,0,0,6,17,0,0,0.25,0.63,0.13,12,0,0,0,8,0,0,0,0,0,18,10,0,100
A000000015651,bodycare,4.7,5,3,0,19,0,0,0,0,18,0,0,0,0,0,0,0,2,2,1,8,19,0,0,0,20,0,0,99
A000000015771,cleansing,4.7,5,7,0,29,0,0,0,0,38,0,0,0.4,0.53,0.07,0,0,6,0,9,2,26,0,0,0,11,0,10,98
A000000015920,bodycare,4.6,3,5,0,24,18,0,0,0,19,0,0,0,0,0,0,0,0,0,0,2,35,6,5,4,35,0,0,99
A000000016430,bodycare,4.6,4,1,2,0,36,0,0,4,0,0,0,0,0,0,9,0,0,0,1,0,0,0,0,0,27,3,0,99
A000000016432,bodycare,4.5,4,3,3,0,45,0,0,1,2,0,0,0,0,0,7,0,0,0,2,1,0,0,0,0,35,5,0,100
A000000016651,cleansing,4.7,1,10,3,19,1,12,8,2,34,24,19,0.29,0.58,0.13,0,0,0,0,0,0,0,0,0,0,0,0,0,97
A000000016686,skincare,4.7,4,14,25,0,59,0,0,4,19,0,0,0.5,0.45,0.05,25,0,0,0,23,7,0,0,0,0,47,27,0,100
A000000016694,skincare,4.7,1,3,15,0,10,4,6,12,13,4,8,0.38,0.51,0.11,0,0,0,0,0,0,0,0,0,0,0,0,0,99
A000000016697,skincare,4.8,1,2,17,0,17,3,1,23,16,11,17,0.35,0.54,0.11,0,0,0,0,0,0,0,0,0,0,0,0,0,92
A000000016698,skincare,4.7,1,7,27,0,12,1,10,21,19,8,11,0.35,0.53,0.13,0,0,0,0,0,0,0,0,0,0,0,0,0,99
A000000016704,cleansing,4.7,5,9,0,15,0,0,0,0,32,0,0,0.35,0.59,0.06,0,0,5,0,5,1,22,0,0,0,7,0,2,97
A000000016808,skincare,4.7,4,7,9,0,13,0,0,1,6,0,0,0.56,0.44,0.02,9,0,0,0,8,0,0,0,0,0,13,10,0,99
A000000016809,skincare,4.7,4,3,12,0,19,0,0,3,11,0,0,0.64,0.34,0.02,12,0,0,0,4,0,0,0,0,0,12,9,0,100
A000000016873,skincare,4.7,2,8,22,0,27,0,0,6,15,0,0,0.55,0.41,0.04,17,2,4,0,6,0,0,0,0,0,0,0,0,100
A000000102377,cleansing,4.6,5,15,0,14,0,0,0,0,23,0,0,0.14,0.52,0.34,0,0,18,1,9,3,22,0,0,0,3,0,4,100
A000000103098,skincare,4.6,4,9,20,0,5,0,0,4,5,0,0,0.03,0.28,0.69,3,0,0,0,35,9,0,0,0,0,14,15,0,99
A000000105886,bodycare,4.8,4,0,1,0,31,0,0,0,2,0,0,0,0,0,8,0,0,0,0,0,0,0,0,0,7,2,0,69
A000000105887,bodycare,4.8,4,0,6,0,45,0,0,2,4,0,0,0,0,0,19,0,0,0,1,0,0,0,0,0,13,4,0,99
A000000106038,skincare,4.7,2,19,11,0,4,0,0,15,16,0,0,0.08,0.56,0.37,5,0,23,16,13,0,0,0,0,0,0,0,0,94
A000000106503,suncare,4.7,4,18,9,0,2,0,0,1,23,0,0,0.24,0.65,0.11,15,0,0,0,10,0,0,0,0,0,23,16,0,100
A000000110508,bodycare,4.7,4,1,10,0,35,0,0,1,4,0,0,0,0,0,9,0,0,0,3,0,0,0,0,0,32,9,0,100
A000000110832,bodycare,4.8,3,2,0,10,3,0,0,0,7,0,0,0,0,0,0,0,0,0,0,0,20,0,20,2,1,0,0,80
A000000111986,cleansing,4.8,1,7,4,17,1,17,10,3,49,16,24,0.29,0.55,0.16,0,0,0,0,0,0,0,0,0,0,0,0,0,98
A000000112172,skincare,4.7,4,12,19,0,35,0,0,3,10,0,0,0.54,0.43,0.03,17,0,0,0,10,0,0,0,0,0,31,14,0,100
A000000112173,skincare,4.7,4,7,8,0,18,0,0,0,25,0,0,0.4,0.55,0.05,29,0,0,0,5,0,0,0,0,0,15,7,0,97
A000000112179,skincare,4.8,4,18,17,0,17,0,0,4,18,0,0,0.48,0.48,0.04,29,0,0,0,2,1,0,0,0,0,20,3,0,100
A000000112410,maskpack,4.4,4,0,5,0,2,0,0,2,2,0,0,0.38,0.54,0.08,2,0,0,0,2,0,0,0,0,0,1,2,0,28
A000000112523,suncare,4.6,4,12,7,0,0,0,0,1,19,0,0,0.41,0.54,0.05,5,0,0,0,9,0,0,0,0,0,13,15,0,100
A000000112636,skincare,4.7,4,10,23,0,25,0,0,8,7,0,0,0.5,0.44,0.06,21,0,0,0,4,0,0,0,0,0,23,4,0,100
A000000113195,skincare,4.7,4,16,24,0,13,0,0,8,12,0,0,0.08,0.46,0.46,17,0,0,0,20,25,0,0,0,0,17,15,0,99
A000000113471,cleansing,4.7,5,5,0,17,0,0,0,0,35,0,0,0.14,0.66,0.2,0,0,4,7,4,9,16,0,0,0,7,0,1,95
A000000113494,bodycare,4.8,3,3,0,7,1,0,0,0,16,0,0,0,0,0,0,0,0,0,0,0,11,0,17,6,4,0,0,59
A000000113496,bodycare,4.8,3,0,0,5,10,0,0,0,3,0,0,0,0,0,0,0,0,0,0,0,5,0,6,0,2,0,0,36
A000000113609,skincare,4.8,4,4,15,0,13,0,0,3,12,0,0,0.25,0.7,0.05,8,0,0,0,1,0,0,0,0,0,7,2,0,65
A000000113611,skincare,4.8,4,0,5,0,18,0,0,2,4,0,0,0.68,0.32,0.01,4,0,0,0,0,0,0,0,0,0,10,3,0,62
A000000114119,skincare,4.7,2,32,14,0,12,0,0,19,23,0,0,0.14,0.6,0.26,16,0,26,7,10,0,0,0,0,0,0,0,0,100
A000000114176,maskpack,4.7,2,18,17,0,6,0,0,54,29,0,0,0.24,0.57,0.2,8,73,10,16,11,0,0,0,0,0,0,0,0,100
A000000114267,cleansing,4.8,5,26,0,38,0,0,0,0,25,0,0,0.07,0.45,0.48,0,0,20,6,44,24,44,0,0,0,24,0,23,98
A000000115199,maskpack,4.8,2,22,13,0,2,0,0,63,28,0,0,0.23,0.59,0.18,6,70,9,7,6,0,0,0,0,0,0,0,0,100
A000000115417,skincare,4.7,4,19,22,0,10,0,0,36,13,0,0,0.21,0.62,0.17,16,0,0,0,10,1,0,0,0,0,10,3,0,92
A000000115418,skincare,4.7,2,26,9,0,3,0,0,40,20,0,0,0.12,0.59,0.3,9,0,31,0,7,0,0,0,0,0,0,0,0,97
A000000115419,skincare,4.7,2,14,20,0,6,0,0,20,14,0,0,0.15,0.43,0.42,16,2,17,3,26,0,0,0,0,0,0,0,0,100
A000000115420,skincare,4.7,2,17,10,0,4,0,0,12,20,0,0,0.11,0.59,0.3,6,0,18,3,12,0,0,0,0,0,0,0,0,96
A000000115447,bodycare,4.7,3,0,0,0,1,0,0,0,16,0,0,0,0,0,0,0,0,0,0,0,3,0,18,20,1,0,0,100
A000000116032,skincare,4.8,4,7,18,0,24,0,0,8,17,0,0,0.55,0.42,0.04,14,0,0,0,5,3,0,0,0,0,17,3,0,100
A000000116135,skincare,4.6,4,7,5,0,5,0,0,0,10,0,0,0.41,0.54,0.05,8,0,0,0,0,0,0,0,0,0,9,5,0,94
A000000116600,skincare,4.6,2,5,9,0,7,0,0,2,12,0,0,0.16,0.69,0.15,6,1,1,5,9,0,0,0,0,0,0,0,0,79
A000000116601,skincare,4.6,4,2,9,0,15,0,0,3,9,0,0,0.17,0.69,0.14,13,0,0,0,8,0,0,0,0,0,9,3,0,81
A000000116658,skincare,4.6,2,15,6,0,17,0,0,46,29,0,0,0.25,0.55,0.2,14,3,21,5,9,0,0,0,0,0,0,0,0,100
A000000116659,skincare,4.8,2,2,13,0,9,0,0,6,12,0,0,0.61,0.36,0.03,2,0,2,0,4,0,0,0,0,0,0,0,0,85
A000000117620,skincare,4.5,4,2,2,0,7,0,0,1,2,0,0,0.68,0.32,0,3,0,0,0,1,0,0,0,0,0,4,0,0,23
A000000117622,skincare,4.3,4,1,1,0,5,0,0,0,1,0,0,0.52,0.44,0.04,4,0,0,0,0,0,0,0,0,0,4,2,0,26
A000000117624,skincare,4.6,4,3,12,0,16,0,0,2,8,0,0,0.52,0.42,0.06,14,0,0,0,3,2,0,0,0,0,12,10,0,96
A000000117701,skincare,4.8,4,21,32,0,46,0,0,7,27,0,0,0.57,0.39,0.04,24,0,0,0,13,4,0,0,0,0,28,22,0,100
A000000117807,skincare,4.5,4,5,32,0,28,0,0,2,13,0,0,0.48,0.45,0.07,10,0,0,0,7,0,0,0,0,0,18,10,0,97
A000000117808,skincare,4.8,4,14,48,0,24,0,0,3,17,0,0,0.39,0.53,0.08,40,0,0,0,11,1,0,0,0,0,47,10,0,99
A000000117809,skincare,4.7,4,12,24,0,21,0,0,3,18,0,0,0.33,0.54,0.14,17,0,0,0,11,2,0,0,0,0,17,8,0,99
A000000117820,skincare,4.7,4,2,12,0,8,0,0,2,6,0,0,0.46,0.47,0.08,10,0,0,0,1,0,0,0,0,0,7,2,0,72
A000000118797,skincare,4.6,4,8,24,0,23,0,0,2,9,0,0,0.67,0.31,0.02,9,0,0,0,6,2,0,0,0,0,21,6,0,96
A000000118798,skincare,4.6,4,9,40,0,14,0,0,4,17,0,0,0.23,0.67,0.1,15,0,0,0,10,0,0,0,0,0,17,5,0,100
A000000118803,skincare,4.7,4,8,13,0,11,0,0,0,20,0,0,0.41,0.55,0.05,25,0,0,0,4,0,0,0,0,0,6,5,0,99
A000000118831,bodycare,4.7,4,0,6,0,52,0,0,1,4,0,0,0,0,0,31,0,0,0,0,1,0,0,0,0,29,4,0,100
A000000119839,skincare,4.7,2,26,4,0,15,0,0,33,17,0,0,0.27,0.64,0.09,28,1,20,1,7,0,0,0,0,0,0,0,0,98
A000000120127,bodycare,4.8,4,2,2,0,58,0,0,2,13,0,0,0,0,0,7,0,0,0,0,0,0,0,0,0,37,3,0,100
A000000120323,bodycare,4.8,4,0,2,0,32,0,0,0,2,0,0,0,0,0,3,0,0,0,0,0,0,0,0,0,9,3,0,100
A000000121076,suncare,4.7,4,10,3,0,0,0,0,0,19,0,0,0.25,0.64,0.11,8,0,0,0,7,0,0,0,0,0,8,5,0,100
A000000121852,suncare,4.6,4,13,8,0,2,0,0,1,15,0,0,0.26,0.62,0.12,14,0,0,0,13,0,0,0,0,0,17,13,0,100
A000000121994,skincare,4.6,4,1,3,0,10,0,0,0,4,0,0,0.43,0.51,0.07,4,0,0,0,1,0,0,0,0,0,5,2,0,60
A000000121995,skincare,4.6,4,1,7,0,5,0,0,1,9,0,0,0.38,0.58,0.04,9,0,0,0,2,0,0,0,0,0,2,2,0,55
A000000122076,skincare,4.7,1,6,19,0,14,2,10,25,23,8,13,0.37,0.53,0.1,0,0,0,0,0,0,0,0,0,0,0,0,0,100
A000000122980,bodycare,4.8,3,1,0,13,24,0,0,0,6,0,0,0,0,0,0,0,0,0,0,1,24,1,7,2,24,0,0,75
A000000122981,bodycare,4.8,3,9,0,12,22,0,0,0,11,0,0,0,0,0,0,0,0,0,0,0,15,0,10,2,18,0,0,86
A000000123568,bodycare,4.8,4,2,7,0,53,0,0,2,8,0,0,0,0,0,18,0,0,0,3,36,0,0,0,0,31,2,0,99
A000000123594,suncare,4.8,4,4,12,0,3,0,0,9,16,0,0,0.23,0.64,0.13,7,0,0,0,11,1,0,0,0,0,7,19,0,100
A000000124547,bodycare,4.9,3,0,0,3,2,0,0,0,19,0,0,0,0,0,0,0,0,0,0,0,14,0,16,4,2,0,0,62
A000000124548,bodycare,4.7,3,2,0,9,0,0,0,0,24,0,0,0,0,0,0,0,0,0,0,0,8,0,16,11,0,0,0,83
A000000124941,skincare,4.7,4,14,32,0,23,0,0,7,22,0,0,0.39,0.55,0.06,20,0,0,0,8,5,0,0,0,0,16,8,0,100
A000000124982,bodycare,4.8,3,4,0,1,30,0,0,0,5,0,0,0,0,0,0,0,0,0,0,0,6,0,19,2,7,0,0,74
A000000125012,skincare,4.8,4,9,35,0,15,0,0,8,13,0,0,0.32,0.55,0.13,9,0,0,0,14,0,0,0,0,0,16,7,0,90
A000000125149,cleansing,4.7,5,27,0,16,0,0,0,0,14,0,0,0.11,0.63,0.26,0,0,23,2,8,5,22,0,0,0,6,0,5,99
A000000125836,cleansing,4.5,3,2,0,46,28,0,0,0,22,0,0,0,0,0,0,0,0,0,0,0,72,2,34,26,26,0,0,100
A000000125836,bodycare,4.5,3,2,0,46,28,0,0,0,22,0,0,0,0,0,0,0,0,0,0,0,72,2,34,26,26,0,0,100
A000000125846,bodycare,4.5,3,1,0,0,1,0,0,0,3,0,0,0,0,0,0,0,0,0,0,0,0,0,9,16,3,0,0,48
A000000125954,bodycare,4.8,3,1,0,15,2,0,0,0,38,0,0,0,0,0,0,0,0,0,0,0,61,0,32,19,7,0,0,100
A000000126470,skincare,4.7,4,12,11,0,18,0,0,20,16,0,0,0.43,0.49,0.08,7,0,0,0,9,1,0,0,0,0,13,10,0,99
A000000126471,skincare,4.8,4,12,18,0,14,0,0,16,16,0,0,0.27,0.63,0.1,4,0,0,0,5,0,0,0,0,0,17,10,0,98
A000000126665,skincare,4.5,4,10,21,0,10,0,0,11,13,0,0,0.15,0.52,0.33,17,0,0,0,20,9,0,0,0,0,13,8,0,100
A000000126862,skincare,4.8,2,34,35,0,27,0,0,46,27,0,0,0.25,0.6,0.16,22,0,25,3,21,0,0,0,0,0,0,0,0,100
A000000127574,skincare,4.8,4,17,68,0,24,0,0,16,18,0,0,0.42,0.51,0.07,37,0,0,0,18,5,0,0,0,0,38,16,0,99
A000000128988,cleansing,4.7,1,7,3,28,3,9,4,0,41,22,27,0.26,0.62,0.12,0,0,0,0,0,0,0,0,0,0,0,0,0,96
A000000129008,skincare,4.8,4,25,34,0,57,0,0,7,21,0,0,0.44,0.5,0.06,39,0,0,0,27,5,0,0,0,0,46,26,0,100
A000000129009,skincare,4.7,4,14,20,0,13,0,0,8,21,0,0,0.21,0.55,0.24,19,0,0,0,14,3,0,0,0,0,17,9,0,99
A000000129026,cleansing,4.7,3,10,0,1,6,0,0,0,70,0,0,0.27,0.61,0.12,0,0,0,0,0,5,0,41,2,3,14,0,0,99
A000000129030,skincare,4.7,2,19,17,0,13,0,0,5,19,0,0,0.24,0.57,0.2,14,0,23,2,11,0,0,0,0,0,0,0,0,100
A000000129032,skincare,4.6,2,32,10,0,1,0,0,36,18,0,0,0.12,0.63,0.25,11,0,42,2,1,0,0,0,0,0,0,0,0,99
A000000129035,skincare,4.7,2,15,12,0,15,0,0,13,24,0,0,0.27,0.52,0.21,7,2,12,0,7,0,0,0,0,0,0,0,0,100
A000000129171,suncare,4.4,4,9,1,0,0,0,0,0,19,0,0,0.3,0.66,0.05,5,0,0,0,3,0,0,0,0,0,3,4,0,100
A000000129771,skincare,4.8,4,20,21,0,46,0,0,24,22,0,0,0.42,0.5,0.08,19,0,0,0,14,52,0,0,0,0,29,24,0,100
A000000129772,skincare,4.7,4,16,14,0,27,0,0,25,17,0,0,0.38,0.53,0.09,11,0,0,0,14,45,0,0,0,0,22,16,0,100
A000000129773,skincare,4.7,4,14,24,0,49,0,0,28,19,0,0,0.45,0.5,0.06,26,0,0,0,12,49,0,0,0,0,32,30,0,100
A000000129774,skincare,4.7,4,22,33,0,61,0,0,32,27,0,0,0.5,0.45,0.05,28,0,0,0,13,62,0,0,0,0,38,43,0,99
A000000130138,skincare,4.7,4,11,27,0,46,0,0,2,16,0,0,0.67,0.31,0.02,22,0,0,0,11,1,0,0,0,0,49,29,0,100
A000000130319,cleansing,4.8,1,27,9,47,3,32,14,12,67,60,61,0.25,0.63,0.13,0,0,0,0,0,0,0,0,0,0,0,0,0,100
A000000130833,bodycare,4.8,4,0,0,0,6,0,0,1,2,0,0,0,0,0,1,0,0,0,0,0,0,0,0,0,6,0,0,25
A000000130949,skincare,4.7,4,5,10,0,23,0,0,5,5,0,0,0.62,0.38,0.01,9,0,0,0,6,0,0,0,0,0,19,1,0,92
A000000130951,skincare,4.7,4,10,3,0,18,0,0,15,6,0,0,0.47,0.45,0.08,6,0,0,0,3,0,0,0,0,0,7,5,0,90
A000000131012,skincare,4.7,4,26,17,0,35,0,0,33,25,0,0,0.31,0.62,0.07,33,0,0,0,9,1,0,0,0,0,24,4,0,99
A000000131022,maskpack,4.6,2,13,10,0,21,0,0,49,17,0,0,0.43,0.5,0.08,1,1,5,0,1,0,0,0,0,0,0,0,0,100
A000000131745,skincare,4.5,2,2,1,0,6,0,0,2,11,0,0,0.29,0.67,0.04,9,0,3,0,1,0,0,0,0,0,0,0,0,99
A000000134690,skincare,4.5,2,18,8,0,3,0,0,6,29,0,0,0.12,0.49,0.39,4,0,15,8,9,0,0,0,0,0,0,0,0,100
A000000134691,skincare,4.7,4,30,22,0,45,0,0,48,13,0,0,0.66,0.3,0.04,15,0,0,0,25,10,0,0,0,0,26,25,0,99
A000000136535,샴푸/린스,4.8,3,0,0,2,0,0,0,0,3,0,0,0,0,0,0,0,0,0,0,0,10,0,6,2,0,0,0,25
A000000136537,skincare,4.8,4,3,1,0,3,0,0,4,1,0,0,0.64,0.36,0,1,0,0,0,0,0,0,0,0,0,3,0,0,22
A000000136538,bodycare,4.8,1,4,0,4,0,0,0,0,4,2,4,0,0,0,0,0,0,0,0,0,0,0,0,0,0,0,0,24
A000000136546,suncare,4.7,4,15,10,0,2,0,0,1,21,0,0,0.27,0.63,0.1,10,0,0,0,8,1,0,0,0,0,17,11,0,100
A000000136873,skincare,4.8,2,10,19,0,30,0,0,8,23,0,0,0.52,0.43,0.05,12,1,2,2,7,0,0,0,0,0,0,0,0,100
A000000137304,suncare,4.5,4,8,2,0,0,0,0,0,10,0,0,0.23,0.61,0.16,3,0,0,0,8,0,0,0,0,0,5,14,0,100
A000000137307,suncare,4.3,4,11,3,0,0,0,0,4,13,0,0,0.48,0.45,0.07,7,0,0,0,6,1,0,0,0,0,8,9,0,100
A000000137692,skincare,4.7,4,9,21,0,40,0,0,11,19,0,0,0.49,0.47,0.04,19,0,0,0,4,3,0,0,0,0,31,13,0,100
A000000137786,bodycare,4.5,4,0,4,0,38,0,0,3,3,0,0,0,0,0,9,0,0,0,0,0,0,0,0,0,19,2,0,90
A000000139057,skincare,4.8,4,12,23,0,17,0,0,11,11,0,0,0.46,0.49,0.05,12,0,0,0,6,1,0,0,0,0,19,4,0,100
A000000139347,skincare,4.8,2,12,25,0,35,0,0,15,26,0,0,0.42,0.51,0.07,13,0,5,1,7,0,0,0,0,0,0,0,0,100
A000000139348,skincare,4.8,4,14,16,0,24,0,0,9,25,0,0,0.45,0.51,0.04,3,0,0,0,3,1,0,0,0,0,17,4,0,100
A000000139940,cleansing,4.7,5,21,0,21,0,0,0,0,34,0,0,0.19,0.62,0.2,0,0,27,4,7,3,29,0,0,0,5,0,1,100
A000000139956,cleansing,4.8,5,8,0,29,0,0,0,0,41,0,0,0.4,0.53,0.07,0,0,1,6,1,0,53,0,0,0,13,0,13,98
A000000139958,cleansing,4.6,1,11,8,33,1,17,14,2,46,40,37,0.43,0.52,0.05,0,0,0,0,0,0,0,0,0,0,0,0,0,99
A000000139961,cleansing,4.6,1,10,0,30,3,14,8,1,32,18,25,0.33,0.55,0.12,0,0,0,0,0,0,0,0,0,0,0,0,0,100
A000000140631,skincare,4.6,2,54,13,0,5,0,0,37,25,0,0,0.08,0.5,0.42,18,3,33,11,14,0,0,0,0,0,0,0,0,100
A000000141028,skincare,4.7,4,10,38,0,15,0,0,12,18,0,0,0.33,0.54,0.13,21,0,0,0,13,3,0,0,0,0,14,9,0,100
A000000141172,suncare,4.4,4,5,1,0,1,0,0,0,9,0,0,0.16,0.4,0.44,6,0,0,0,17,0,0,0,0,0,3,5,0,78
A000000141540,skincare,4.7,4,15,69,0,19,0,0,14,18,0,0,0.37,0.53,0.1,29,0,0,0,16,2,0,0,0,0,25,23,0,100
A000000141662,skincare,4.8,4,5,5,0,32,0,0,4,6,0,0,0.83,0.17,0,7,0,0,0,8,1,0,0,0,0,25,7,0,78
A000000142178,cleansing,4.7,1,11,9,43,0,25,6,4,44,36,43,0.28,0.63,0.09,0,0,0,0,0,0,0,0,0,0,0,0,0,100
A000000142661,skincare,4.6,1,5,20,0,24,2,4,5,15,4,10,0.44,0.49,0.07,0,0,0,0,0,0,0,0,0,0,0,0,0,100
A000000142694,skincare,4.8,4,14,48,0,24,0,0,3,17,0,0,0.38,0.52,0.1,40,0,0,0,11,1,0,0,0,0,47,10,0,99
A000000142945,skincare,4.7,1,9,19,0,23,5,10,21,25,16,34,0.27,0.64,0.09,0,0,0,0,0,0,0,0,0,0,0,0,0,100
A000000142946,cleansing,4.7,5,8,0,24,0,0,0,0,39,0,0,0.34,0.59,0.07,0,0,4,1,4,1,46,0,0,0,9,0,6,98
A000000143167,bodycare,4.7,4,7,12,0,57,0,0,12,14,0,0,0,0,0,22,0,0,0,5,3,0,0,0,0,34,11,0,100
A000000143769,cleansing,4.8,5,12,0,31,0,0,0,0,48,0,0,0.35,0.58,0.07,0,0,13,1,7,1,44,0,0,0,9,0,11,100
A000000143958,skincare,4.7,4,14,19,0,59,0,0,12,13,0,0,0.66,0.31,0.03,20,0,0,0,9,3,0,0,0,0,39,22,0,100
A000000143959,skincare,4.7,4,11,20,0,53,0,0,15,16,0,0,0.64,0.33,0.03,23,0,0,0,9,5,0,0,0,0,48,17,0,100
A000000145131,bodycare,4.8,4,2,2,0,10,0,0,1,3,0,0,0,0,0,3,0,0,0,0,7,0,0,0,0,8,2,0,22
A000000145213,skincare,4.8,4,7,11,0,26,0,0,5,11,0,0,0.48,0.48,0.04,30,0,0,0,7,0,0,0,0,0,19,9,0,100
A000000145217,skincare,4.7,4,6,9,0,10,0,0,1,17,0,0,0.44,0.53,0.03,31,0,0,0,1,0,0,0,0,0,18,10,0,100
A000000145226,maskpack,4.6,2,1,5,0,7,0,0,4,11,0,0,0.44,0.54,0.02,1,3,2,0,2,0,0,0,0,0,0,0,0,100
A000000145273,cleansing,4.7,5,4,0,7,0,0,0,0,11,0,0,0.35,0.45,0.2,0,0,1,0,2,0,0,0,0,0,2,0,1,21
A000000145274,cleansing,4.7,5,7,0,18,0,0,0,0,33,0,0,0.45,0.51,0.05,0,0,6,0,7,3,32,0,0,0,12,0,11,68
A000000145275,cleansing,4.8,5,12,0,20,0,0,0,0,33,0,0,0.07,0.32,0.61,0,0,11,0,33,3,35,0,0,0,8,0,10,74
A000000145276,skincare,4.5,2,3,3,0,6,0,0,3,11,0,0,0.46,0.49,0.06,6,0,4,0,4,0,0,0,0,0,0,0,0,36
A000000145277,skincare,4.7,2,20,8,0,4,0,0,9,36,0,0,0.02,0.3,0.68,6,0,24,4,34,0,0,0,0,0,0,0,0,100
A000000145279,skincare,4.2,2,10,5,0,4,0,0,12,4,0,0,0.23,0.51,0.26,6,0,1,2,2,0,0,0,0,0,0,0,0,36
A000000145282,maskpack,4.7,2,9,22,0,18,0,0,35,15,0,0,0.49,0.42,0.09,5,2,5,1,2,0,0,0,0,0,0,0,0,76
A000000145283,maskpack,4.7,2,9,22,0,18,0,0,35,15,0,0,0.26,0.65,0.1,5,2,5,1,2,0,0,0,0,0,0,0,0,76
A000000145285,skincare,4.5,2,25,23,0,13,0,0,7,35,0,0,0.36,0.57,0.07,13,0,11,20,9,0,0,0,0,0,0,0,0,100
A000000145286,skincare,4.6,2,22,25,0,15,0,0,10,30,0,0,0.34,0.56,0.11,6,0,8,21,7,0,0,0,0,0,0,0,0,100
A000000145287,skincare,4.6,4,9,8,0,7,0,0,4,42,0,0,0.35,0.57,0.08,25,0,0,0,4,1,0,0,0,0,9,10,0,100
A000000145331,skincare,4.8,4,14,15,0,36,0,0,12,19,0,0,0.35,0.56,0.09,14,0,0,0,10,5,0,0,0,0,19,10,0,96
A000000145332,skincare,4.7,4,14,31,0,51,0,0,5,27,0,0,0.48,0.52,0.01,35,0,0,0,12,4,0,0,0,0,36,17,0,100
A000000145333,skincare,4.6,4,25,40,0,33,0,0,10,12,0,0,0.08,0.34,0.58,19,0,0,0,44,3,0,0,0,0,23,19,0,100
A000000145360,skincare,4.8,4,7,25,0,43,0,0,1,13,0,0,0.63,0.33,0.04,23,0,0,0,9,4,0,0,0,0,35,10,0,100
A000000145371,bodycare,4.8,4,0,2,0,56,0,0,2,7,0,0,0,0,0,5,0,0,0,0,2,0,0,0,0,29,7,0,100
A000000145526,cleansing,4.7,5,11,0,28,0,0,0,0,34,0,0,0.39,0.53,0.08,0,0,4,1,6,50,42,0,0,0,16,0,14,100
A000000146011,skincare,4.7,4,1,4,0,4,0,0,3,3,0,0,0.19,0.77,0.05,0,0,0,0,3,0,0,0,0,0,4,1,0,43
A000000146230,maskpack,4.6,5,12,0,0,0,0,0,0,54,0,0,0,0,0,0,0,13,76,11,16,1,0,0,0,8,0,10,100
A000000146772,skincare,4.6,2,26,28,0,9,0,0,13,39,0,0,0.07,0.5,0.43,12,1,36,35,25,0,0,0,0,0,0,0,0,100
A000000147106,skincare,4.6,4,3,9,0,13,0,0,0,5,0,0,0.84,0.16,0,7,0,0,0,4,0,0,0,0,0,11,6,0,44
A000000147109,skincare,4.7,4,9,25,0,28,0,0,8,14,0,0,0.43,0.51,0.07,14,0,0,0,13,2,0,0,0,0,22,15,0,100
A000000147119,skincare,4.7,4,29,17,0,21,0,0,53,23,0,0,0.37,0.52,0.11,20,0,0,0,8,2,0,0,0,0,18,14,0,100
A000000147860,skincare,4.7,2,18,36,0,21,0,0,12,21,0,0,0.31,0.61,0.08,28,1,5,7,13,0,0,0,0,0,0,0,0,100
A000000147869,skincare,4.7,2,10,5,0,15,0,0,1,17,0,0,0.28,0.66,0.06,22,1,4,1,4,0,0,0,0,0,0,0,0,100
A000000147872,maskpack,4.7,5,9,0,0,0,0,0,0,25,0,0,0,0,0,0,0,5,6,3,0,0,0,0,0,8,0,0,89
A000000147891,skincare,4.7,4,6,22,0,23,0,0,3,13,0,0,0.5,0.46,0.04,23,0,0,0,8,1,0,0,0,0,11,4,0,100
A000000147932,bodycare,4.8,4,1,5,0,44,0,0,4,2,0,0,0,0,0,18,0,0,0,0,3,0,0,0,0,20,3,0,100
A000000148106,skincare,4.6,4,7,10,0,15,0,0,2,11,0,0,0.24,0.65,0.11,11,0,0,0,6,0,0,0,0,0,5,2,0,63
A000000148109,cleansing,4.6,5,13,0,26,0,0,0,0,29,0,0,0.19,0.61,0.2,0,0,10,2,5,9,26,0,0,0,6,0,11,100
A000000148112,cleansing,4.7,5,29,0,37,0,0,0,0,39,0,0,0.2,0.61,0.19,0,0,12,4,18,19,47,0,0,0,25,0,44,99
A000000148899,skincare,4.8,4,15,25,0,33,0,0,9,30,0,0,0.44,0.52,0.05,19,0,0,0,13,48,0,0,0,0,27,10,0,100
A000000148900,skincare,4.7,1,9,18,0,30,1,10,6,12,5,2,0.48,0.45,0.07,0,0,0,0,0,0,0,0,0,0,0,0,0,100
A000000148903,bodycare,4.7,3,5,0,19,27,0,0,0,15,0,0,0,0,0,0,0,0,0,0,39,35,1,7,8,22,0,0,99
A000000149633,suncare,4.6,4,14,8,0,2,0,0,0,15,0,0,0.38,0.56,0.06,6,0,0,0,9,1,0,0,0,0,15,15,0,100
A000000149641,bodycare,4.5,4,9,42,0,35,0,0,18,12,0,0,0,0,0,42,0,0,0,8,3,0,0,0,0,18,10,0,100
A000000149717,skincare,4.8,4,18,21,0,10,0,0,18,12,0,0,0.11,0.55,0.34,12,0,0,0,23,4,0,0,0,0,15,7,0,100
A000000149760,suncare,4.6,4,14,11,0,2,0,0,1,20,0,0,0.4,0.52,0.08,15,0,0,0,9,49,0,0,0,0,10,15,0,100
A000000149810,skincare,4.5,4,8,22,0,20,0,0,16,12,0,0,0.26,0.48,0.26,20,0,0,0,8,2,0,0,0,0,19,7,0,100
A000000149874,maskpack,4.7,5,9,0,1,0,0,0,0,43,0,0,0.2,0.58,0.22,0,0,2,51,6,17,1,0,0,0,15,0,1,100
A000000149877,maskpack,4.8,3,2,0,0,3,0,0,0,41,0,0,0.3,0.53,0.18,0,0,0,0,0,4,1,48,3,0,8,0,0,75
A000000149880,skincare,4.7,1,9,44,0,20,9,11,9,13,12,21,0.49,0.43,0.08,0,0,0,0,0,0,0,0,0,0,0,0,0,100
A000000149881,skincare,4.8,4,10,28,0,29,0,0,6,8,0,0,0.47,0.45,0.08,38,0,0,0,6,1,0,0,0,0,20,2,0,95
A000000149882,skincare,4.9,4,9,40,0,38,0,0,3,11,0,0,0.5,0.45,0.05,34,0,0,0,5,1,0,0,0,0,25,5,0,99
A000000149902,maskpack,4.7,4,16,26,0,53,0,0,11,21,0,0,0.63,0.32,0.05,14,0,0,0,5,54,0,0,0,0,27,6,0,100
A000000149903,maskpack,4.8,2,13,14,0,25,0,0,41,22,0,0,0.39,0.53,0.08,3,6,2,0,5,0,0,0,0,0,0,0,0,100
A000000150451,cleansing,4.7,3,3,0,7,3,0,0,0,31,0,0,0.18,0.67,0.15,0,0,0,0,0,8,22,36,3,3,10,0,0,100
A000000150890,skincare,4.7,4,18,75,0,38,0,0,26,23,0,0,0.28,0.53,0.19,42,0,0,0,25,9,0,0,0,0,44,29,0,100
A000000150909,skincare,4.7,2,9,6,0,11,0,0,6,7,0,0,0.41,0.53,0.07,22,0,2,1,2,0,0,0,0,0,0,0,0,100
A000000150937,maskpack,4.8,2,8,8,0,16,0,0,6,7,0,0,0.56,0.41,0.03,6,1,4,0,5,0,0,0,0,0,0,0,0,100
A000000151356,skincare,4.8,2,20,11,0,16,0,0,17,42,0,0,0.24,0.59,0.17,7,2,9,2,5,0,0,0,0,0,0,0,0,100
A000000151358,cleansing,4.8,5,11,0,25,0,0,0,0,50,0,0,0.21,0.63,0.16,0,0,3,2,4,2,15,0,0,0,8,0,10,100
A000000152029,skincare,4.7,2,10,6,0,12,0,0,6,6,0,0,0.45,0.51,0.04,23,0,2,1,2,0,0,0,0,0,0,0,0,100
A000000152514,skincare,4.8,2,16,18,0,13,0,0,13,32,0,0,0.05,0.43,0.52,9,4,18,3,33,0,0,0,0,0,0,0,0,100
A000000152580,skincare,4.7,4,20,11,0,17,0,0,32,14,0,0,0.5,0.41,0.09,18,0,0,0,10,2,0,0,0,0,28,11,0,99
A000000152707,bodycare,4.7,3,1,0,17,39,0,0,0,5,0,0,0,0,0,0,0,0,0,0,0,49,3,20,6,23,0,0,100
A000000152767,cleansing,4.7,5,27,0,49,0,0,0,0,47,0,0,0.18,0.59,0.23,0,0,21,16,28,16,60,0,0,0,25,0,31,100
A000000152786,skincare,4.8,4,5,12,0,7,0,0,3,5,0,0,0.28,0.63,0.09,13,0,0,0,3,0,0,0,0,0,8,5,0,32
A000000153300,skincare,4.8,4,3,6,0,7,0,0,2,7,0,0,0.42,0.58,0,6,0,0,0,0,10,0,0,0,0,5,0,0,33
A000000153976,bodycare,4.8,4,2,8,0,71,0,0,4,5,0,0,0,0,0,45,0,0,0,1,3,0,0,0,0,40,5,0,100
A000000153980,bodycare,4.9,3,9,0,30,25,0,0,0,29,0,0,0,0,0,0,0,0,0,0,1,51,2,14,2,45,0,0,100
A000000154158,cleansing,4.7,3,6,0,3,0,0,0,0,44,0,0,0.22,0.63,0.15,0,0,0,0,0,8,37,48,1,3,6,0,0,100
A000000154339,maskpack,4.8,2,11,11,0,27,0,0,51,33,0,0,0.35,0.56,0.1,9,1,6,2,4,0,0,0,0,0,0,0,0,88
A000000154753,maskpack,4.8,2,11,11,0,27,0,0,51,33,0,0,0.38,0.63,0,9,1,6,2,4,0,0,0,0,0,0,0,0,88
A000000154923,skincare,4.8,2,24,18,0,20,0,0,24,37,0,0,0.23,0.6,0.18,8,2,10,2,8,0,0,0,0,0,0,0,0,99
A000000155239,bodycare,4.8,3,13,0,17,4,0,0,0,6,0,0,0,0,0,0,0,0,0,0,3,14,2,8,3,10,0,0,61
A000000155279,cleansing,4.2,5,3,0,12,0,0,0,0,19,0,0,0.42,0.5,0.08,0,0,0,1,1,1,14,0,0,0,6,0,1,31
A000000155399,cleansing,4.7,3,4,0,3,0,0,0,0,49,0,0,0.15,0.54,0.31,0,0,0,0,0,9,36,53,2,17,4,0,0,87
A000000155402,cleansing,4.5,3,5,0,1,0,0,0,0,45,0,0,0.23,0.54,0.23,0,0,0,0,0,7,33,40,2,13,5,0,0,77
A000000155409,cleansing,4.7,3,5,0,3,1,0,0,0,47,0,0,0.2,0.64,0.16,0,0,0,0,0,6,38,52,1,3,6,0,0,100
A000000155423,cleansing,4.4,5,4,0,15,0,0,0,0,23,0,0,0.71,0.29,0,0,0,1,1,2,1,17,0,0,0,9,0,1,37
A000000155727,suncare,4.7,4,6,2,0,3,0,0,9,11,0,0,0.38,0.53,0.09,4,0,0,0,4,1,0,0,0,0,7,5,0,54
A000000156125,skincare,4.5,2,25,23,0,13,0,0,7,35,0,0,0.4,0.51,0.09,13,0,11,20,9,0,0,0,0,0,0,0,0,100
A000000156127,skincare,4.5,2,34,15,0,11,0,0,25,19,0,0,0.13,0.51,0.36,26,3,27,23,14,0,0,0,0,0,0,0,0,100
A000000156128,skincare,4.6,2,26,28,0,9,0,0,13,39,0,0,0.08,0.53,0.39,12,1,36,35,25,0,0,0,0,0,0,0,0,100
A000000156315,skincare,4.8,4,16,58,0,22,0,0,8,11,0,0,0.39,0.5,0.11,33,0,0,0,7,3,0,0,0,0,42,9,0,99
A000000156377,skincare,4.7,2,5,3,0,15,0,0,5,19,0,0,0.48,0.48,0.04,13,0,1,0,5,0,0,0,0,0,0,0,0,100
A000000156401,cleansing,4.6,5,11,0,21,0,0,0,0,25,0,0,0.18,0.59,0.23,0,0,15,2,14,17,28,0,0,0,7,0,12,100
A000000156510,skincare,4.8,4,17,52,0,27,0,0,59,34,0,0,0.31,0.59,0.1,41,0,0,0,6,0,0,0,0,0,22,11,0,100
A000000156511,skincare,4.9,4,17,37,0,21,0,0,45,25,0,0,0.3,0.6,0.1,44,0,0,0,8,5,0,0,0,0,33,6,0,100
A000000156512,skincare,4.8,2,19,52,0,12,0,0,78,26,0,0,0.27,0.63,0.1,17,1,8,6,8,0,0,0,0,0,0,0,0,100
A000000156521,skincare,4.7,4,28,31,0,24,0,0,50,22,0,0,0.16,0.66,0.18,43,0,0,0,29,3,0,0,0,0,29,9,0,99
A000000156680,skincare,4.7,2,11,9,0,19,0,0,9,18,0,0,0.25,0.67,0.08,8,0,2,0,3,0,0,0,0,0,0,0,0,100
A000000156683,skincare,4.7,4,13,14,0,17,0,0,15,20,0,0,0.27,0.68,0.05,5,0,0,0,6,0,0,0,0,0,16,7,0,100
A000000156684,skincare,4.7,4,28,24,0,18,0,0,43,16,0,0,0.18,0.59,0.23,34,0,0,0,7,0,0,0,0,0,18,8,0,100
A000000156842,skincare,4.8,4,14,48,0,24,0,0,3,17,0,0,0.36,0.54,0.1,40,0,0,0,11,1,0,0,0,0,47,10,0,99
A000000157285,skincare,4.7,4,6,7,0,14,0,0,1,14,0,0,0.41,0.56,0.03,35,0,0,0,1,0,0,0,0,0,15,13,0,100
A000000157294,skincare,4.8,2,10,21,0,31,0,0,9,22,0,0,0.65,0.29,0.06,12,1,2,2,8,0,0,0,0,0,0,0,0,100
A000000157648,skincare,4.4,4,20,15,0,24,0,0,21,10,0,0,0.49,0.48,0.04,14,0,0,0,15,2,0,0,0,0,24,18,0,100
A000000158614,cleansing,4.6,5,17,0,29,0,0,0,0,34,0,0,0.3,0.66,0.04,0,0,6,2,3,1,38,0,0,0,17,0,46,67
A000000158630,skincare,4.7,1,4,7,0,42,1,19,6,8,2,15,0.62,0.36,0.02,0,0,0,0,0,0,0,0,0,0,0,0,0,100
A000000158992,cleansing,4.6,5,21,0,28,0,0,0,0,45,0,0,0.17,0.5,0.33,0,0,47,4,13,8,34,0,0,0,19,0,17,100
A000000158993,cleansing,4.6,1,15,1,28,1,20,6,8,28,27,21,0.35,0.48,0.17,0,0,0,0,0,0,0,0,0,0,0,0,0,62
A000000159370,bodycare,4.8,4,2,3,0,42,0,0,1,3,0,0,0,0,0,13,0,0,0,2,0,0,0,0,0,31,1,0,100
A000000159372,bodycare,4.8,4,2,2,0,54,0,0,7,3,0,0,0,0,0,4,0,0,0,0,2,0,0,0,0,22,2,0,100
A000000159467,skincare,4.6,2,18,7,0,10,0,0,4,34,0,0,0.27,0.64,0.09,39,0,7,6,4,0,0,0,0,0,0,0,0,100
A000000159468,skincare,4.6,2,18,7,0,10,0,0,4,34,0,0,0.46,0.51,0.03,39,0,7,6,4,0,0,0,0,0,0,0,0,100
A000000159838,cleansing,4.7,5,31,0,56,0,0,0,0,44,0,0,0.23,0.56,0.21,0,0,15,4,16,26,62,0,0,0,25,0,57,100
A000000159921,skincare,4.8,2,15,20,0,28,0,0,30,23,0,0,0.34,0.58,0.08,15,1,7,2,8,0,0,0,0,0,0,0,0,100
A000000160470,skincare,4.7,4,14,25,0,23,0,0,7,9,0,0,0.51,0.44,0.05,26,0,0,0,7,0,0,0,0,0,23,4,0,98
A000000160716,cleansing,4.6,5,24,0,28,0,0,0,0,35,0,0,0.19,0.56,0.26,0,0,19,3,18,20,49,0,0,0,14,0,21,100
A000000160724,skincare,4.8,4,10,11,0,23,0,0,24,17,0,0,0,0,0,28,0,0,0,9,0,0,0,0,0,16,12,0,100
A000000160790,skincare,4.7,4,16,25,0,64,0,0,7,20,0,0,0.5,0.46,0.04,27,0,0,0,16,5,0,0,0,0,50,24,0,100
A000000161043,bodycare,4.8,4,0,0,0,38,0,0,4,3,0,0,0,0,0,2,0,0,0,0,0,0,0,0,0,30,0,0,100
A000000161165,bodycare,4.8,4,11,17,0,75,0,0,2,17,0,0,0,0,0,55,0,0,0,7,2,0,0,0,0,47,13,0,100
A000000161167,bodycare,4.8,4,4,13,0,75,0,0,1,10,0,0,0,0,0,40,0,0,0,8,2,0,0,0,0,47,8,0,100
A000000161313,skincare,4.7,4,23,29,0,26,0,0,12,22,0,0,0.27,0.65,0.08,50,0,0,0,9,2,0,0,0,0,30,4,0,100
A000000161314,skincare,4.8,2,8,14,0,20,0,0,6,20,0,0,0.37,0.57,0.07,11,0,3,3,11,0,0,0,0,0,0,0,0,100
A000000161316,cleansing,4.7,5,11,0,28,0,0,0,0,45,0,0,0.3,0.58,0.12,0,0,3,1,6,4,42,0,0,0,13,0,19,100
A000000161319,skincare,4.6,1,8,32,0,16,4,10,8,18,10,16,0.63,0.34,0.03,0,0,0,0,0,0,0,0,0,0,0,0,0,100
A000000161444,skincare,4.6,4,4,7,0,36,0,0,1,6,0,0,0.63,0.29,0.08,14,0,0,0,5,3,0,0,0,0,23,8,0,98
A000000161488,bodycare,4.6,4,2,5,0,33,0,0,2,3,0,0,0,0,0,20,0,0,0,1,1,0,0,0,0,24,1,0,62
A000000161489,bodycare,4.7,4,0,1,0,39,0,0,2,4,0,0,0,0,0,0,0,0,0,0,0,0,0,0,0,16,0,0,100
A000000161718,skincare,4.7,4,9,12,0,23,0,0,17,13,0,0,0.46,0.5,0.04,28,0,0,0,15,2,0,0,0,0,20,15,0,99
A000000161719,skincare,4.7,2,11,7,0,22,0,0,5,19,0,0,0.51,0.47,0.03,15,0,2,4,7,0,0,0,0,0,0,0,0,100
A000000161722,skincare,4.7,4,4,3,0,13,0,0,1,7,0,0,0.65,0.35,0.01,9,0,0,0,3,0,0,0,0,0,21,12,0,100
A000000161804,skincare,4.6,4,6,5,0,11,0,0,12,8,0,0,0.29,0.57,0.14,1,0,0,0,6,1,0,0,0,0,9,6,0,42
A000000161805,skincare,4.7,4,14,13,0,23,0,0,13,13,0,0,0.45,0.49,0.06,11,0,0,0,5,0,0,0,0,0,13,8,0,83
A000000161808,cleansing,4.8,5,12,0,24,0,0,0,0,31,0,0,0.2,0.8,0,0,0,1,1,4,1,24,0,0,0,14,0,13,84
A000000161882,skincare,5,4,1,2,0,3,0,0,3,3,0,0,0.4,0.52,0.08,4,0,0,0,2,0,0,0,0,0,5,2,0,26
A000000161883,skincare,4.8,4,25,12,0,30,0,0,22,21,0,0,0.5,0.44,0.06,11,0,0,0,6,2,0,0,0,0,21,7,0,69
A000000161960,skincare,4.7,1,16,9,0,38,8,17,4,6,4,14,0.49,0.46,0.05,0,0,0,0,0,0,0,0,0,0,0,0,0,100
A000000162356,skincare,4.7,4,29,17,0,21,0,0,53,23,0,0,0.28,0.63,0.09,20,0,0,0,8,2,0,0,0,0,18,14,0,100
A000000162415,skincare,4.8,4,12,49,0,11,0,0,11,22,0,0,0.43,0.46,0.11,19,0,0,0,12,2,0,0,0,0,24,12,0,100
A000000162460,skincare,4.7,4,30,58,0,17,0,0,38,18,0,0,0.15,0.54,0.31,33,0,0,0,39,14,0,0,0,0,22,24,0,100
A000000162480,skincare,4.6,2,8,10,0,9,0,0,20,11,0,0,0.38,0.5,0.12,15,0,7,0,2,0,0,0,0,0,0,0,0,100
A000000162948,maskpack,4.7,2,22,36,0,27,0,0,72,48,0,0,0,0,0,14,13,16,2,3,0,0,0,0,0,0,0,0,100
A000000162949,skincare,4.8,4,23,79,0,47,0,0,81,22,0,0,0.28,0.59,0.13,38,0,0,0,18,3,0,0,0,0,42,27,0,100
A000000162950,skincare,4.8,2,31,49,0,32,0,0,72,29,0,0,0.24,0.64,0.12,37,9,40,6,21,0,0,0,0,0,0,0,0,100
A000000163275,skincare,4.8,4,5,7,0,26,0,0,3,5,0,0,0.86,0.14,0,13,0,0,0,6,2,0,0,0,0,32,5,0,92
A000000163278,skincare,4.8,1,6,9,0,41,6,20,5,6,3,12,0.64,0.33,0.03,0,0,0,0,0,0,0,0,0,0,0,0,0,99
A000000163281,skincare,4.7,1,3,3,5,45,0,21,3,9,0,5,0.62,0.35,0.04,0,0,0,0,0,0,0,0,0,0,0,0,0,100
A000000163374,suncare,4.5,4,6,13,0,0,0,0,1,12,0,0,0.3,0.57,0.13,8,0,0,0,17,2,0,0,0,0,12,25,0,100
A000000163399,skincare,4.7,4,30,32,0,48,0,0,37,35,0,0,0.41,0.53,0.06,32,0,0,0,23,4,0,0,0,0,29,29,0,100
A000000163545,skincare,4.9,4,9,8,0,28,0,0,3,15,0,0,0.55,0.39,0.06,7,0,0,0,4,4,0,0,0,0,14,6,0,81
A000000163734,skincare,4.9,4,10,26,0,55,0,0,9,24,0,0,0.28,0.64,0.08,11,0,0,0,3,0,0,0,0,0,27,6,0,90
A000000163735,skincare,4.9,4,16,26,0,64,0,0,8,30,0,0,0.33,0.59,0.08,23,0,0,0,5,0,0,0,0,0,36,7,0,100
A000000163736,skincare,4.7,4,6,30,0,29,0,0,11,12,0,0,0.36,0.53,0.11,26,0,0,0,12,2,0,0,0,0,22,6,0,97
A000000163738,cleansing,4.7,5,23,0,41,0,0,0,0,43,0,0,0.21,0.59,0.2,0,0,15,5,15,23,47,0,0,0,23,0,34,100
A000000163742,skincare,4.9,4,8,30,0,63,0,0,7,23,0,0,0.38,0.56,0.06,22,0,0,0,3,1,0,0,0,0,43,6,0,100
A000000163744,skincare,4.9,2,21,47,0,20,0,0,49,22,0,0,0.3,0.59,0.11,45,3,11,7,14,0,0,0,0,0,0,0,0,100
A000000164103,skincare,4.8,4,23,79,0,47,0,0,81,22,0,0,0.26,0.62,0.12,38,0,0,0,18,3,0,0,0,0,42,27,0,100
A000000164206,skincare,4.7,4,3,18,0,27,0,0,5,8,0,0,0.39,0.58,0.03,34,0,0,0,5,0,0,0,0,0,19,10,0,100
A000000164210,skincare,4.7,4,18,18,0,24,0,0,6,7,0,0,0.46,0.49,0.05,49,0,0,0,11,2,0,0,0,0,28,9,0,100
A000000164211,skincare,4.8,2,18,17,0,15,0,0,17,29,0,0,0.17,0.59,0.24,7,0,16,4,15,0,0,0,0,0,0,0,0,100
A000000164213,suncare,4.5,4,12,16,0,2,0,0,2,14,0,0,0.48,0.48,0.04,8,0,0,0,10,1,0,0,0,0,11,16,0,100
A000000164216,maskpack,4.8,2,5,2,0,10,0,0,4,17,0,0,0.42,0.56,0.03,4,0,0,6,3,0,0,0,0,0,0,0,0,100
A000000164236,maskpack,4.8,2,1,13,0,15,0,0,7,11,0,0,0.74,0.26,0,11,0,1,0,6,0,0,0,0,0,0,0,0,51
A000000164360,skincare,4.7,4,8,39,0,25,0,0,7,15,0,0,0.38,0.51,0.11,56,0,0,0,16,0,0,0,0,0,38,8,0,100
A000000164403,suncare,4.6,4,7,9,0,1,0,0,0,11,0,0,0.34,0.55,0.11,3,0,0,0,10,2,0,0,0,0,18,2,0,100
A000000164409,suncare,4.6,4,3,5,0,1,0,0,0,10,0,0,0.49,0.45,0.06,4,0,0,0,4,24,0,0,0,0,4,5,0,56
A000000164410,suncare,4.8,4,13,39,0,1,0,0,4,16,0,0,0.42,0.48,0.1,17,0,0,0,14,1,0,0,0,0,11,11,0,100
A000000164628,skincare,4.8,4,11,34,0,37,0,0,13,19,0,0,0.54,0.43,0.03,20,0,0,0,10,2,0,0,0,0,24,13,0,63
A000000165055,skincare,4.6,4,8,3,0,16,0,0,8,6,0,0,0.61,0.37,0.02,4,0,0,0,1,1,0,0,0,0,11,4,0,47
A000000165056,skincare,4.7,4,13,13,0,25,0,0,11,19,0,0,0.3,0.63,0.08,13,0,0,0,16,4,0,0,0,0,14,9,0,100
A000000165272,skincare,4.8,4,18,30,0,45,0,0,9,23,0,0,0.41,0.56,0.03,23,0,0,0,18,70,0,0,0,0,48,18,0,100
A000000165309,skincare,4.7,4,9,12,0,22,0,0,17,13,0,0,0,0,0,29,0,0,0,14,2,0,0,0,0,20,16,0,99
A000000165333,skincare,4.7,4,16,24,0,20,0,0,0,33,0,0,0.38,0.58,0.04,40,0,0,0,6,0,0,0,0,0,16,14,0,100
A000000165557,skincare,4.7,2,4,14,0,17,0,0,1,17,0,0,0.46,0.52,0.02,17,0,4,0,5,0,0,0,0,0,0,0,0,100
A000000165564,maskpack,4.8,2,15,4,0,0,0,0,64,21,0,0,0.21,0.59,0.2,4,77,8,12,0,0,0,0,0,0,0,0,0,100
A000000165699,cleansing,4.8,5,27,0,37,0,0,0,0,26,0,0,0.07,0.47,0.47,0,0,20,5,48,25,50,0,0,0,24,0,31,98
A000000165728,skincare,4.7,2,12,9,0,13,0,0,22,10,0,0,0.27,0.71,0.02,20,0,8,0,1,0,0,0,0,0,0,0,0,100
A000000165732,skincare,4.7,4,9,12,0,23,0,0,17,13,0,0,0,0,0,28,0,0,0,15,2,0,0,0,0,20,15,0,99
A000000165808,skincare,4.9,4,4,8,0,21,0,0,6,11,0,0,0.38,0.53,0.09,10,0,0,0,7,0,0,0,0,0,14,7,0,61
A000000165841,suncare,4.6,4,5,11,0,2,0,0,0,11,0,0,0.33,0.58,0.09,11,0,0,0,11,1,0,0,0,0,9,8,0,100
A000000165887,skincare,4.8,4,14,48,0,28,0,0,55,29,0,0,0.13,0.7,0.17,35,0,0,0,23,4,0,0,0,0,29,16,0,100
A000000166013,skincare,4.6,2,23,23,0,11,0,0,14,19,0,0,0.21,0.6,0.19,42,1,9,58,15,0,0,0,0,0,0,0,0,100
A000000166033,cleansing,4.8,1,3,4,39,3,21,4,2,50,14,40,0.4,0.5,0.1,0,0,0,0,0,0,0,0,0,0,0,0,0,100
A000000166038,bodycare,4.7,4,0,1,0,54,0,0,0,0,0,0,0,0,0,27,0,0,0,1,0,0,0,0,0,13,2,0,100
A000000166267,skincare,4.6,2,23,23,0,11,0,0,14,19,0,0,0.12,0.53,0.35,42,1,9,58,15,0,0,0,0,0,0,0,0,100
A000000166303,skincare,4.8,4,35,53,0,32,0,0,49,20,0,0,0.08,0.69,0.23,31,0,0,0,33,80,0,0,0,0,35,33,0,100
A000000166426,bodycare,5,3,6,0,4,2,0,0,0,10,0,0,0,0,0,0,0,0,0,0,16,16,3,3,1,6,0,0,31
A000000166433,bodycare,4.7,4,0,1,0,28,0,0,2,4,0,0,0,0,0,1,0,0,0,0,0,0,0,0,0,11,0,0,76
A000000166435,skincare,4.7,2,27,23,0,14,0,0,39,20,0,0,0.23,0.62,0.15,9,1,17,3,15,0,0,0,0,0,0,0,0,100
A000000166436,skincare,4.8,1,24,44,0,24,5,13,44,29,15,36,0.31,0.55,0.14,0,0,0,0,0,0,0,0,0,0,0,0,0,100
A000000166867,skincare,4.8,2,21,22,0,32,0,0,55,24,0,0,0.19,0.64,0.18,34,2,7,2,8,0,0,0,0,0,0,0,0,100
A000000166868,skincare,4.3,2,17,12,0,7,0,0,11,23,0,0,0.08,0.45,0.47,13,2,13,16,15,0,0,0,0,0,0,0,0,62
A000000166869,skincare,4.8,2,10,6,0,2,0,0,8,16,0,0,0.05,0.53,0.42,6,1,6,6,13,0,0,0,0,0,0,0,0,43
A000000167164,skincare,4.7,4,16,25,0,64,0,0,7,20,0,0,0.47,0.48,0.05,27,0,0,0,16,5,0,0,0,0,50,24,0,100
A000000167203,maskpack,4.8,2,10,10,0,8,0,0,30,21,0,0,0,0,0,7,73,6,8,2,0,0,0,0,0,0,0,0,100
A000000167993,skincare,4.8,4,3,12,0,6,0,0,0,4,0,0,0.5,0.43,0.07,13,0,0,0,3,0,0,0,0,0,3,1,0,45
A000000167994,skincare,4.7,1,1,8,0,9,14,8,1,9,1,14,0.63,0.37,0,0,0,0,0,0,0,0,0,0,0,0,0,0,37
A000000168145,bodycare,4.7,3,33,0,0,18,0,0,0,11,0,0,0,0,0,0,0,0,0,0,29,0,9,4,3,12,0,0,52
A000000168159,cleansing,4.6,5,4,0,9,0,0,0,0,11,0,0,0.16,0.65,0.19,0,0,8,1,1,13,11,0,0,0,1,0,3,35
A000000168260,suncare,4.3,4,4,6,0,1,0,0,1,9,0,0,0.35,0.52,0.13,4,0,0,0,3,0,0,0,0,0,8,8,0,32
A000000168339,skincare,4.7,4,16,20,0,26,0,0,1,23,0,0,0,0,0,33,0,0,0,9,0,0,0,0,0,27,14,0,100
A000000168447,skincare,4.6,2,1,2,0,0,0,0,1,6,0,0,0.12,0.72,0.16,0,0,3,1,2,0,0,0,0,0,0,0,0,25
A000000168448,cleansing,4.6,5,7,0,13,0,0,0,0,17,0,0,0.14,0.74,0.12,0,0,9,0,3,1,17,0,0,0,3,0,9,56
A000000168577,suncare,4.5,4,12,16,0,2,0,0,2,14,0,0,0.47,0.47,0.06,8,0,0,0,10,1,0,0,0,0,11,16,0,100
A000000168717,skincare,4.6,2,4,2,0,9,0,0,0,13,0,0,0.4,0.54,0.06,10,0,1,2,4,0,0,0,0,0,0,0,0,83
A000000168718,skincare,4.7,2,6,10,0,15,0,0,1,11,0,0,0.55,0.4,0.05,4,0,0,4,13,0,0,0,0,0,0,0,0,62
A000000168790,skincare,4.8,4,9,5,0,37,0,0,1,6,0,0,0,0,0,22,0,0,0,4,1,0,0,0,0,45,4,0,100
A000000168790,bodycare,4.8,4,9,5,0,37,0,0,1,6,0,0,0,0,0,22,0,0,0,4,1,0,0,0,0,45,4,0,100
A000000168794,skincare,4.8,4,10,8,0,88,0,0,2,8,0,0,0,0,0,58,0,0,0,10,2,0,0,0,0,51,16,0,100
A000000168794,bodycare,4.8,4,10,8,0,88,0,0,2,8,0,0,0,0,0,58,0,0,0,10,2,0,0,0,0,51,16,0,100
A000000168887,suncare,4.7,4,1,1,0,2,0,0,0,2,0,0,0.38,0.56,0.06,2,0,0,0,1,14,0,0,0,0,1,2,0,40
A000000168889,suncare,4.8,4,0,1,0,0,0,0,0,4,0,0,0.52,0.48,0,2,0,0,0,2,11,0,0,0,0,1,3,0,26
A000000168890,suncare,4.7,4,5,5,0,2,0,0,2,11,0,0,0.35,0.56,0.09,5,0,0,0,8,45,0,0,0,0,9,11,0,76
A000000169026,skincare,4.8,4,2,8,0,20,0,0,1,11,0,0,0.25,0.69,0.06,22,0,0,0,1,0,0,0,0,0,19,2,0,99
A000000169067,maskpack,4.7,2,22,36,0,27,0,0,72,48,0,0,0,0,0,14,13,16,2,3,0,0,0,0,0,0,0,0,100
A000000169069,skincare,4.7,4,25,81,0,41,0,0,25,23,0,0,0.27,0.55,0.18,44,0,0,0,33,9,0,0,0,0,44,34,0,100
A000000169070,skincare,4.8,4,18,61,0,34,0,0,16,30,0,0,0.38,0.54,0.08,56,0,0,0,18,0,0,0,0,0,50,23,0,100
A000000169103,skincare,4.7,2,32,13,0,11,0,0,21,20,0,0,0.09,0.63,0.29,16,0,25,8,11,0,0,0,0,0,0,0,0,100
A000000169435,skincare,4.7,2,6,15,0,18,0,0,1,16,0,0,0.29,0.67,0.04,17,0,4,0,6,0,0,0,0,0,0,0,0,100
A000000169505,suncare,4.9,4,1,0,0,1,0,0,0,0,0,0,0.25,0.55,0.2,0,0,0,0,1,0,0,0,0,0,0,0,0,21
A000000169512,maskpack,4.7,2,2,30,0,24,0,0,5,15,0,0,0.55,0.42,0.03,1,0,1,1,9,0,0,0,0,0,0,0,0,100
A000000170269,suncare,4.5,4,3,6,0,2,0,0,3,22,0,0,0.26,0.59,0.15,7,0,0,0,8,0,0,0,0,0,10,7,0,76
A000000170505,skincare,4.8,4,15,60,0,27,0,0,16,19,0,0,0.38,0.53,0.1,31,0,0,0,15,4,0,0,0,0,38,10,0,99
A000000170509,skincare,4.7,2,27,24,0,15,0,0,40,22,0,0,0.28,0.5,0.23,9,1,17,3,16,0,0,0,0,0,0,0,0,100
A000000170637,skincare,4.7,4,18,18,0,24,0,0,6,7,0,0,0.5,0.44,0.06,49,0,0,0,11,2,0,0,0,0,28,9,0,100
A000000170689,skincare,4.8,2,9,22,0,23,0,0,3,24,0,0,0.35,0.59,0.06,38,0,13,2,6,0,0,0,0,0,0,0,0,100
A000000170690,skincare,4.7,4,1,2,0,2,0,0,0,0,0,0,0.47,0.53,0,3,0,0,0,0,0,0,0,0,0,2,0,0,20
A000000170691,skincare,4.4,4,1,4,0,2,0,0,1,6,0,0,0.35,0.62,0.03,6,0,0,0,1,1,0,0,0,0,1,0,0,34
A000000170881,skincare,4.7,1,7,43,0,20,10,14,9,13,13,20,0,1,0,0,0,0,0,0,0,0,0,0,0,0,0,0,100
A000000171334,suncare,4.7,4,4,6,0,3,0,0,1,9,0,0,0.69,0.26,0.06,9,0,0,0,6,0,0,0,0,0,4,6,0,36
A000000171710,skincare,4.8,4,18,61,0,34,0,0,16,30,0,0,0.55,0.37,0.08,56,0,0,0,18,0,0,0,0,0,50,23,0,100
A000000171711,bodycare,4.9,4,0,4,0,38,0,0,1,4,0,0,0,0,0,12,0,0,0,0,0,0,0,0,0,11,6,0,71
A000000171715,skincare,4.7,2,32,48,0,29,0,0,71,34,0,0,0.22,0.65,0.14,37,7,37,8,20,0,0,0,0,0,0,0,0,100
A000000171718,maskpack,4.7,2,2,30,0,24,0,0,5,15,0,0,0.52,0.45,0.03,1,0,1,1,9,0,0,0,0,0,0,0,0,100
A000000171829,skincare,4.7,4,10,18,0,60,0,0,17,16,0,0,0.74,0.23,0.03,26,0,0,0,6,5,0,0,0,0,49,17,0,100
A000000171830,cleansing,4.8,1,21,4,34,4,24,15,6,58,40,53,0.25,0.62,0.13,0,0,0,0,0,0,0,0,0,0,0,0,0,99
A000000172171,bodycare,4.8,4,1,7,0,49,0,0,1,6,0,0,0,0,0,16,0,0,0,7,1,0,0,0,0,18,6,0,77
A000000172248,skincare,4.8,4,6,9,0,23,0,0,3,6,0,0,0.19,0.53,0.28,8,0,0,0,14,27,0,0,0,0,11,8,0,70
A000000172256,skincare,4.8,4,1,2,0,9,0,0,3,6,0,0,0.33,0.67,0,3,0,0,0,3,12,0,0,0,0,4,2,0,24
A000000172436,skincare,4.7,4,4,19,0,27,0,0,6,8,0,0,0.43,0.53,0.04,34,0,0,0,5,0,0,0,0,0,19,11,0,100
A000000172792,bodycare,4.6,4,0,2,0,15,0,0,2,0,0,0,0,0,0,0,0,0,0,1,0,0,0,0,0,14,4,0,52
A000000173038,cleansing,4.8,5,0,0,18,0,0,0,0,19,0,0,0.57,0.39,0.05,0,0,3,0,4,30,26,0,0,0,13,0,12,45
A000000173294,bodycare,4.7,4,2,6,0,51,0,0,1,2,0,0,0,0,0,23,0,0,0,1,1,0,0,0,0,9,7,0,98
A000000173295,skincare,4.7,2,10,29,0,30,0,0,13,21,0,0,0.61,0.34,0.05,15,2,5,2,11,0,0,0,0,0,0,0,0,96
A000000173296,skincare,4.7,4,5,16,0,36,0,0,2,10,0,0,0.57,0.43,0.01,18,0,0,0,2,6,0,0,0,0,30,10,0,99
A000000173298,maskpack,4.7,5,9,0,1,0,0,0,0,42,0,0,0.5,0.25,0.25,0,0,2,50,7,17,1,0,0,0,16,0,1,100
A000000173302,skincare,4.9,4,8,5,0,3,0,0,12,12,0,0,0,0,0,1,0,0,0,2,0,0,0,0,0,4,6,0,99
A000000173322,skincare,4.8,4,13,27,0,35,0,0,11,23,0,0,0.49,0.47,0.04,21,0,0,0,15,64,0,0,0,0,41,24,0,97
A000000173323,skincare,4.7,4,30,39,0,51,0,0,27,21,0,0,0.44,0.54,0.03,27,0,0,0,14,65,0,0,0,0,40,39,0,99
A000000173327,skincare,4.7,4,21,26,0,46,0,0,28,11,0,0,0.34,0.57,0.09,23,0,0,0,18,60,0,0,0,0,34,24,0,100
A000000173332,skincare,4.8,4,15,31,0,41,0,0,9,31,0,0,0.5,0.45,0.05,20,0,0,0,11,58,0,0,0,0,34,12,0,100
A000000173335,bodycare,4.8,4,12,17,0,63,0,0,15,4,0,0,0,0,0,29,0,0,0,3,55,0,0,0,0,46,10,0,100
A000000173360,bodycare,4.7,4,0,1,0,39,0,0,6,3,0,0,0,0,0,0,0,0,0,2,0,0,0,0,0,16,0,0,86
A000000173363,bodycare,4.7,5,3,0,19,0,0,0,0,25,0,0,0,0,0,0,0,2,0,6,4,41,0,0,0,25,0,21,96
A000000173370,bodycare,4.9,4,0,0,0,38,0,0,4,1,0,0,0,0,0,12,0,0,0,0,0,0,0,0,0,19,2,0,54
A000000173689,cleansing,4.8,5,13,0,27,0,0,0,0,51,0,0,0,0,0,0,0,3,3,3,3,11,0,0,0,10,0,13,100
A000000173702,bodycare,4.8,4,2,7,0,65,0,0,0,5,0,0,0,0,0,7,0,0,0,0,53,0,0,0,0,34,6,0,100
A000000173703,bodycare,4.8,4,0,7,0,58,0,0,0,6,0,0,0,0,0,19,0,0,0,1,53,0,0,0,0,28,4,0,100
A000000173728,bodycare,5,4,3,6,0,59,0,0,2,9,0,0,0,0,0,36,0,0,0,1,0,0,0,0,0,40,14,0,100
A000000174016,skincare,4.8,4,30,26,0,42,0,0,44,14,0,0,0.55,0.43,0.03,30,0,0,0,16,5,0,0,0,0,31,23,0,100
A000000174017,cleansing,4.8,5,27,0,37,0,0,0,0,26,0,0,0.16,0.42,0.42,0,0,20,5,48,25,50,0,0,0,24,0,31,98
A000000174018,suncare,4.8,4,6,6,0,0,0,0,1,12,0,0,0.54,0.46,0,3,0,0,0,3,0,0,0,0,0,9,8,0,100
A000000174019,cleansing,4.8,5,17,0,31,0,0,0,0,34,0,0,0.33,0.55,0.12,0,0,3,1,16,7,28,0,0,0,14,0,10,100
A000000174304,skincare,4.8,4,9,63,0,25,0,0,5,15,0,0,0,1,0,32,0,0,0,12,0,0,0,0,0,31,8,0,100
A000000174306,bodycare,4.7,4,0,3,0,47,0,0,2,3,0,0,0,0,0,2,0,0,0,2,0,0,0,0,0,20,0,0,100
A000000174311,skincare,4.7,2,17,12,0,22,0,0,27,18,0,0,0.33,0.56,0.12,29,0,9,0,3,0,0,0,0,0,0,0,0,100
A000000174313,skincare,4.7,4,14,23,0,24,0,0,7,9,0,0,0.6,0.4,0,23,0,0,0,6,0,0,0,0,0,23,3,0,98
A000000174314,cleansing,4.8,5,17,0,31,0,0,0,0,32,0,0,0.22,0.61,0.17,0,0,3,1,17,8,27,0,0,0,17,0,9,100
A000000174316,skincare,4.8,4,30,26,0,42,0,0,44,14,0,0,0.28,0.68,0.05,30,0,0,0,16,5,0,0,0,0,31,23,0,100
A000000174356,skincare,4.7,4,30,58,0,17,0,0,38,18,0,0,1,0,0,33,0,0,0,39,14,0,0,0,0,22,25,0,100
A000000174371,skincare,4.8,2,16,45,0,25,0,0,10,21,0,0,0.36,0.54,0.1,27,6,4,0,13,0,0,0,0,0,0,0,0,100
A000000174373,cleansing,4.8,1,3,4,40,3,21,4,2,51,14,40,0.33,0.58,0.09,0,0,0,0,0,0,0,0,0,0,0,0,0,100
A000000174374,skincare,4.7,4,30,23,0,47,0,0,54,17,0,0,0.59,0.38,0.03,23,0,0,0,27,13,0,0,0,0,33,32,0,100
A000000174376,suncare,4.8,4,6,6,0,2,0,0,1,9,0,0,0.38,0.56,0.07,3,0,0,0,4,0,0,0,0,0,14,7,0,100
A000000174991,skincare,4.8,4,16,43,0,55,0,0,13,42,0,0,0.5,0.45,0.05,31,0,0,0,15,9,0,0,0,0,44,31,0,100
A000000175032,skincare,4.7,4,17,18,0,24,0,0,8,7,0,0,0.51,0.47,0.02,49,0,0,0,11,2,0,0,0,0,27,9,0,100
A000000175063,bodycare,4.8,3,2,0,12,1,0,0,0,41,0,0,0,0,0,0,0,0,0,0,1,35,0,30,22,10,0,0,99
A000000175090,maskpack,4.6,5,12,0,0,0,0,0,0,54,0,0,0,0,0,0,0,13,76,11,16,1,0,0,0,8,0,10,100
A000000175260,bodycare,4.8,4,10,17,0,57,0,0,2,12,0,0,0,0,0,31,0,0,0,6,0,0,0,0,0,40,11,0,100
A000000175266,cleansing,4.8,1,24,5,46,3,31,15,13,60,56,56,0.28,0.6,0.12,0,0,0,0,0,0,0,0,0,0,0,0,0,100
A000000175267,bodycare,4.8,4,4,13,0,63,0,0,18,4,0,0,0,0,0,4,0,0,0,0,0,0,0,0,0,37,4,0,100
A000000175452,suncare,4.7,4,17,8,0,1,0,0,1,27,0,0,0.23,0.65,0.12,16,0,0,0,11,0,0,0,0,0,19,14,0,100
A000000177493,skincare,4.6,4,9,19,0,30,0,0,13,12,0,0,0.46,0.43,0.11,23,0,0,0,11,0,0,0,0,0,21,11,0,100
A000000177773,skincare,4.8,4,30,26,0,40,0,0,44,16,0,0,0.41,0.5,0.09,28,0,0,0,15,5,0,0,0,0,30,23,0,100
A000000177774,skincare,4.6,4,9,19,0,30,0,0,13,12,0,0,0.29,0.57,0.14,23,0,0,0,11,0,0,0,0,0,21,11,0,100
A000000177776,skincare,4.6,4,9,19,0,31,0,0,13,12,0,0,0.38,0.56,0.06,24,0,0,0,11,0,0,0,0,0,21,11,0,100
A000000177777,skincare,4.7,2,27,25,0,11,0,0,18,23,0,0,0.2,0.3,0.5,47,1,8,63,15,0,0,0,0,0,0,0,0,100
A000000177778,skincare,4.7,2,35,15,0,10,0,0,25,20,0,0,0.11,0.39,0.5,15,0,27,9,14,0,0,0,0,0,0,0,0,100
A000000177780,cleansing,4.8,5,19,0,23,0,0,0,0,36,0,0,0.29,0.58,0.13,0,0,8,5,12,11,47,0,0,0,22,0,23,100
A000000177782,suncare,4.7,4,13,12,0,1,0,0,1,14,0,0,0.5,0.5,0,6,0,0,0,9,1,0,0,0,0,16,16,0,100
A000000177783,suncare,4.6,4,15,7,0,0,0,0,1,15,0,0,0.17,0.67,0.17,5,0,0,0,10,0,0,0,0,0,12,12,0,100
A000000177784,skincare,4.7,4,4,23,0,22,0,0,5,5,0,0,0.38,0.41,0.21,12,0,0,0,15,1,0,0,0,0,19,12,0,40
A000000177838,skincare,4.8,4,11,44,0,45,0,0,12,14,0,0,0.38,0.56,0.07,33,0,0,0,16,1,0,0,0,0,33,11,0,100
A000000177839,skincare,4.8,4,15,59,0,27,0,0,16,19,0,0,0.45,0.49,0.07,31,0,0,0,14,4,0,0,0,0,36,10,0,98
A000000177840,bodycare,4.6,4,1,1,0,35,0,0,0,0,0,0,0,0,0,18,0,0,0,1,0,0,0,0,0,12,0,0,83
A000000177890,skincare,4.8,4,15,30,0,39,0,0,7,30,0,0,0.6,0.4,0,23,0,0,0,11,57,0,0,0,0,33,12,0,100
A000000177891,cleansing,4.6,5,4,0,9,0,0,0,0,11,0,0,0,0.33,0.67,0,0,8,1,1,13,11,0,0,0,1,0,3,35
A000000177892,skincare,4.8,4,16,25,0,49,0,0,7,18,0,0,0.52,0.39,0.09,16,0,0,0,13,60,0,0,0,0,50,18,0,96
A000000177893,skincare,4.8,4,37,46,0,51,0,0,33,29,0,0,0.5,0.45,0.05,28,0,0,0,16,74,0,0,0,0,48,40,0,100
A000000177895,skincare,4.8,4,13,27,0,35,0,0,11,23,0,0,0.58,0.42,0,21,0,0,0,15,64,0,0,0,0,41,24,0,97
